{
  "name": "admin-tools",
  "author": {
    "scnxOrgID": "1",
    "name": "SCDerox (SC Network Team)",
    "link": "https://github.com/SCDerox"
  },
  "openSourceURL": "https://github.com/SCNetwork/CustomDCBot/tree/main/modules/admin-tools",
  "commands-dir": "/commands",
  "config-example-files": [
    "config.json"
  ],
  "tags": [
    "administration"
  ],
  "fa-icon": "fas fa-tools",
  "humanReadableName": {
    "en": "Admin-Tools"
  },
  "description": {
    "en": "Simple admin-tools to move channels and roles with a command and to \"borrow\" emotes.",
    "de": "Einfache Tools für Admins, um Channel und Rollen per Command zu verschieben und Emojis zu leihen."
  }
}
