{
  "name": "team-list",
  "fa-icon": "fa-user-tie",
  "author": {
    "scnxOrgID": "1",
    "name": "SCDerox (SC Network Team)",
    "link": "https://github.com/SCDerox"
  },
  "events-dir": "/events",
  "config-example-files": [
    "config.json"
  ],
  "tags": [
    "administration"
  ],
  "openSourceURL": "https://github.com/SCNetwork/CustomDCBot/tree/main/modules/team-list",
  "humanReadableName": {
    "en": "Staff-List",
    "de": "Teammitglieder-Liste"
  },
  "description": {
    "en": "List all your staff and explain team-roles in a always up-to-date embed",
    "de": "Liste alle deine Teammitglieder und erkläre sie in einem immer up-to-date Embed "
  }
}
