{
  "name": "giveaways",
  "author": {
    "scnxOrgID": "1",
    "name": "SCDerox (SC Network Team)",
    "link": "https://github.com/SCDerox"
  },
  "openSourceURL": "https://github.com/SCNetwork/CustomDCBot/tree/main/modules/giveaways",
  "commands-dir": "/commands",
  "fa-icon": "fas fa-gift",
  "models-dir": "/models",
  "events-dir": "/events",
  "config-example-files": [
    "configs/strings.json",
    "configs/config.json"
  ],
  "tags": [
    "community"
  ],
  "humanReadableName": {
    "en": "Giveaways",
    "de": "Gewinnspiele"
  },
  "description": {
    "en": "Easily create a giveaway in your server",
    "de": "Erstelle einfach Gewinnspiele auf deinem Server"
  }
}
