{
  "description": {
    "en": "Advanced users can unleash the full potential of automatic message with cronejobs",
    "de": "Nur für fortgeschrittene Nutzer - mit cronjob's kannst hast du die volle Kontrolle über die Nachrichten"
  },
  "humanName": {
    "en": "Cronjob (advanced)",
    "de": "Cronjobs (fortgeschritten)"
  },
  "filename": "cronjob.json",
  "configElements": true,
  "content": [
    {
      "name": "channelID",
      "humanName": {
        "de": "Kanal"
      },
      "default": {
        "en": ""
      },
      "description": {
        "en": "ID of the channel in which the message should be send",
        "de": "ID des Kanals, in welchen die Nachricht gesendet werden soll"
      },
      "type": "channelID"
    },
    {
      "name": "message",
      "humanName": {
        "de": "Nachricht"
      },
      "default": {
        "en": ""
      },
      "description": {
        "en": "Message that should be send",
        "de": "Nachricht, die gesendet werden soll"
      },
      "type": "string",
      "allowEmbed": true
    },
    {
      "name": "expression",
      "humanName": {
        "de": "Ausdruck"
      },
      "default": {
        "en": "1 6 1-31 * *",
        "de": "1 6 1-31 * *"
      },
      "description": {
        "en": "The message gets scheduled for this expression",
        "de": "Die Nachricht wird für diesen Ausdruck geplant"
      },
      "type": "string"
    }
  ]
}