{
  "description": {
    "en": "You can send on a daily basic here - this can be once a week or month",
    "de": "Hier kannst du Nachrichten auf täglicher Basis versenden lassen - das kann auch nur einmal pro Woche oder Monat sein"
  },
  "humanName": {
    "en": "Daily Basic",
    "de": "Tägliche Basis"
  },
  "filename": "daily.json",
  "configElements": true,
  "content": [
    {
      "name": "channelID",
      "humanName": {
        "de": "Kanal"
      },
      "default": {
        "en": ""
      },
      "description": {
        "en": "ID of the channel in which the message should be send",
        "de": "ID des Kanals, in welchen die Nachricht gesendet werden soll"
      },
      "type": "channelID"
    },
    {
      "name": "message",
      "humanName": {
        "de": "Nachricht"
      },
      "default": {
        "en": ""
      },
      "description": {
        "en": "Message that should be send",
        "de": "Nachricht, die gesendet werden soll"
      },
      "type": "string",
      "allowEmbed": true
    },
    {
      "name": "limitWeekDaysTo",
      "humanName": {
        "de": "Wochentage begrenzen auf"
      },
      "default": {
        "en": [],
        "de": []
      },
      "description": {
        "en": "If one or more values are set, the message will only get send when the current week-day is included in this array",
        "de": "Wenn ein oder mehrere Werte gesetzt sind, wird die Nachricht nur gesendet, wenn der aktuelle Wochentag hier enthalten ist"
      },
      "type": "array",
      "content": "integer"
    },
    {
      "name": "limitDaysTo",
      "humanName": {
        "de": "Tage begrenzen auf"
      },
      "default": {
        "en": [],
        "de": []
      },
      "description": {
        "en": "If one or more values are set, the message will only get send when the current day (of the month) is included in this array",
        "de": "Wenn ein oder mehrere Werte gesetzt sind, wird die Nachricht nur gesendet, wenn der aktuelle Tag (des Monats) hier enthalten ist"
      },
      "type": "array",
      "content": "integer"
    }
  ]
}