{
  "description": {
    "en": "You can send messages on an hourly basic here - this can be once or 24 times a day",
    "de": "Hier kannst du Nachrichten auf stündlicher Basis schicken lassen - das kann alles von 1-24x pro Tag sein"
  },
  "humanName": {
    "en": "Hourly basic",
    "de": "Stündliche Basis"
  },
  "filename": "hourly.json",
  "configElements": true,
  "content": [
    {
      "name": "channelID",
      "humanName": {
        "de": "Kanal"
      },
      "default": {
        "en": ""
      },
      "description": {
        "en": "ID of the channel in which the message should be send",
        "de": "ID des Kanals, in welchen die Nachricht gesendet werden soll"
      },
      "type": "channelID"
    },
    {
      "name": "message",
      "humanName": {
        "de": "Nachricht"
      },
      "default": {
        "en": ""
      },
      "description": {
        "en": "Message that should be send",
        "de": "Nachricht, die gesendet werden soll"
      },
      "type": "string",
      "allowEmbed": true
    },
    {
      "name": "limitHoursTo",
      "humanName": {
        "de": "Stunden begrenzen auf"
      },
      "default": {
        "en": [],
        "de": []
      },
      "description": {
        "en": "If one or more values are set, the message will only get send when the current hour is included in this array",
        "de": "Wenn ein oder mehrere Werte gesetzt sind, wird die Nachricht nur gesendet, wenn die aktuelle Stunde hier enthalten ist"
      },
      "type": "array",
      "content": "integer"
    }
  ]
}