{
  "name": "auto-messager",
  "fa-icon": "fas fa-comment-dots",
  "author": {
    "scnxOrgID": "1",
    "name": "SCDerox (SC Network Team)",
    "link": "https://github.com/SCDerox"
  },
  "openSourceURL": "https://github.com/SCNetwork/CustomDCBot/tree/main/modules/auto-messager",
  "events-dir": "/events",
  "config-example-files": [
    "hourly.json",
    "daily.json",
    "cronjob.json"
  ],
  "tags": [
    "administration"
  ],
  "humanReadableName": {
    "en": "Automatic Messages",
    "de": "Automatische Nachrichten"
  },
  "description": {
    "en": "You can - with this module - send automatic messages",
    "de": "Dieses Modul erlaubt dir es dir, automatisch versenden zu lassen"
  }
}
