{
  "description": {
    "en": "Configure strings & messages of your bot here",
    "de": "Passe die Nachrichten deines Botes an"
  },
  "humanName": {
    "en": "Messages",
    "de": "Nachrichten"
  },
  "filename": "strings.json",
  "content": [
    {
      "name": "footer",
      "humanName": {
        "en": "Embed-Footer"
      },
      "default": {
        "en": "Powered by scnx.xyz ⚡"
      },
      "description": {
        "en": "Footer of every embed",
        "de": "Footer jedes Embeds"
      },
      "type": "string",
      "pro": true
    },
    {
      "name": "footerImgUrl",
      "humanName": {
        "en": "Embed-Footer-Image-URL",
        "de": "Embed-Footer-Bild-URL"
      },
      "default": {
        "en": "https://scnx.xyz/favicon.png"
      },
      "description": {
        "en": "Footer-Image of every embed",
        "de": "Footer-Bild von jedem Embed"
      },
      "type": "string",
      "pro": true
    },
    {
      "name": "need_args",
      "humanName": {
        "en": "More arguments are needed",
        "de": "Mehr Argumente werden benötigt"
      },
      "default": {
        "en": "This command needs more arguments - you passed %count%, but you need to provide at least %neededCount%.",
        "de": "This command needs more arguments - you passed %count%, but you need to provide at least %neededCount%."
      },
      "description": {
        "en": "This message gets send if there are not enough arguments specified",
        "de": "Diese Nachricht wird versendet, wenn eine oder mehrere Argumente für einen Befehl fehlen"
      },
      "type": "string",
      "allowEmbed": true,
      "params": [
        {
          "name": "count",
          "description": {
            "en": "Count of arguments provided",
            "de": "Anzahl von angegebenen Parameter"
          }
        },
        {
          "name": "neededCount",
          "description": {
            "en": "Count of arguments needed",
            "de": "Anzahl von benötigten Argumenten"
          }
        }
      ]
    },
    {
      "name": "updated_roles",
      "humanName": {
        "en": "Roles updated",
        "de": "Rollen erfolgreich geupdated"
      },
      "default": {
        "en": "✅ Updated roles according to your settings",
        "de": "✅ Rollen-Änderungen übernommen"
      },
      "description": {
        "en": "This message gets send after a user selects self-roles on a self-role-element.",
        "de": "Diese Nachricht wird gesendet, wenn ein Nutzer eine Self-Rolle auswählt."
      },
      "type": "string",
      "allowEmbed": true
    },
    {
      "name": "added_role",
      "humanName": {
        "en": "Role added",
        "de": "Rolle erfolgreich hinzugefügt"
      },
      "default": {
        "en": "✅ Role %role% successfully added",
        "de": "✅ Rolle %role% erfolgreich hinzugefügt"
      },
      "description": {
        "en": "This message gets send when a user adds a role to themselves.",
        "de": "Diese Nachricht wird gesendet, wenn ein Nutzer sich selbst eine Self-Rolle hinzufügt."
      },
      "type": "string",
      "allowEmbed": true,
      "params": [
        {
          "name": "role",
          "description": {
            "en": "Name of the role",
            "de": "Name der Rolle"
          }
        }
      ]
    },
    {
      "name": "removed_role",
      "humanName": {
        "en": "Role removed",
        "de": "Rolle erfolgreich entfernt"
      },
      "default": {
        "en": "✅ Role %role% successfully removed",
        "de": "✅ Rolle %role% erfolgreich entfernt"
      },
      "description": {
        "en": "This message gets send when a user removes a role from themselves.",
        "de": "Diese Nachricht wird gesendet, wenn ein Nutzer sich selbst eine Self-Rolle entfernt."
      },
      "type": "string",
      "allowEmbed": true,
      "params": [
        {
          "name": "role",
          "description": {
            "en": "Name of the role",
            "de": "Name der Rolle"
          }
        }
      ]
    },
    {
      "name": "not_enough_permissions",
      "humanName": {
        "en": "Not enough permissions",
        "de": "Nicht genügend Rechte"
      },
      "default": {
        "en": "Seems like you don't have enough permissions.",
        "de": "Scheint als hättest du nicht genügend Rechte."
      },
      "description": {
        "en": "This message gets send if an user don't hase enough permissions",
        "de": "Diese Nachricht wird versendet, wenn der Nutzer nicht genügen Rechte hat"
      },
      "type": "string",
      "allowEmbed": true
    },
    {
      "name": "helpembed",
      "humanName": {
        "en": "Help-Message",
        "de": "Hilfe-Nachricht"
      },
      "default": {
        "en": {
          "title": "Help",
          "description": "You can find every command here",
          "module_translation": "%name% by %author%: %description%",
          "build_in": "Build-In-Commands"
        },
        "de": {
          "title": "Help",
          "description": "Alle Commands findest du hier",
          "module_translation": "%name% by %author%: %description%",
          "build_in": "Build-In-Commands"
        }
      },
      "description": {
        "en": "Strings for help command"
      },
      "type": "keyed",
      "content": {
        "key": "string",
        "value": "string"
      },
      "disableKeyEdits": true
    },
    {
      "name": "disableHelpEmbedStats",
      "humanName": {
        "en": "Disable Stats in Help-Embed",
        "de": "Deaktiviere Stats im Hilfe-Embed"
      },
      "default": {
        "en": false
      },
      "description": {
        "en": "If enabled, the stats-field in the Help-Embed will get hidden",
        "de": "Wenn aktiviert, wird der Stats-Bereich im Help-Embed verborgen"
      },
      "type": "boolean",
      "pro": true
    },
    {
      "name": "disableFooterTimestamp",
      "humanName": {
        "en": "Disable default Timestamp in footer",
        "de": "Standard-Timestamp im Footer deaktivieren"
      },
      "default": {
        "en": false
      },
      "description": {
        "en": "If enabled, the current time will not be displayed in the embed footer",
        "de": "Wenn aktiviert, wird die Aktuelle Uhrzeit nicht im Footer angezeigt"
      },
      "type": "boolean"
    },
    {
      "name": "putBotInfoOnLastSite",
      "humanName": {
        "en": "Put Bot-Info on the last site of the Help-Embed",
        "de": "Verschiebt die Bot-Info auf die letzte Seite im Hilfe-Embed"
      },
      "default": {
        "en": false
      },
      "description": {
        "en": "If enabled, the Bot-Info-Section of the Help-Embed will be moved to the last site",
        "de": "Wenn aktiviert, wird der Bot-Info-Bereich im Help-Embed auf die letzte Seite verschoben"
      },
      "type": "boolean",
      "pro": true
    }
  ]
}