{
  "name": "invite-tracking",
  "humanReadableName": {
    "en": "Invite-Tracking"
  },
  "author": {
    "scnxOrgID": "1",
    "name": "SCDerox (SC Network Team)",
    "link": "https://github.com/SCDerox"
  },
  "events-dir": "/events",
  "commands-dir": "/commands",
  "models-dir": "/models",
  "config-example-files": [
    "config.json"
  ],
  "fa-icon": "fa-solid fa-user-plus",
  "on-load-event": "onLoad.js",
  "tags": [
    "moderation"
  ],
  "openSourceURL": "https://github.com/SCNetwork/CustomDCBot/tree/main/modules/invite-tracking",
  "description": {
    "en": "Track who invited who",
    "de": "Track, wer wen eingeladen hat"
  }
}
