{
  "name": "moderation",
  "author": {
    "scnxOrgID": "1",
    "name": "SCDerox (SC Network Team)",
    "link": "https://github.com/SCDerox"
  },
  "commands-dir": "/commands",
  "events-dir": "/events",
  "models-dir": "/models",
  "config-example-files": [
    "configs/config.json",
    "configs/joinGate.json",
    "configs/strings.json",
    "configs/antiSpam.json",
    "configs/antiJoinRaid.json",
    "configs/verification.json"
  ],
  "fa-icon": "fas fa-hammer",
  "tags": [
    "moderation"
  ],
  "openSourceURL": "https://github.com/SCNetwork/CustomDCBot/tree/main/modules/moderation",
  "humanReadableName": {
    "en": "Moderation & Security",
    "de": "Moderation & Sicherheit"
  },
  "description": {
    "en": "Advanced security- and moderation-system with tons of features",
    "de": "Fortgeschrittenes Moderation- und Sicherheit-System mit vielen Funktionen"
  }
}
