{
  "name": "levels",
  "humanReadableName": {
    "en": "Level-System"
  },
  "author": {
    "scnxOrgID": "1",
    "name": "SCDerox (SC Network Team)",
    "link": "https://github.com/SCDerox"
  },
  "openSourceURL": "https://github.com/SCNetwork/CustomDCBot/tree/main/modules/levels",
  "commands-dir": "/commands",
  "events-dir": "/events",
  "models-dir": "/models",
  "config-example-files": [
    "configs/config.json",
    "configs/strings.json",
    "configs/random-levelup-messages.json",
    "configs/special-levelup-messages.json"
  ],
  "fa-icon": "far fa-comments",
  "tags": [
    "community"
  ],
  "description": {
    "en": "Easy to use levelsystem with a lot of customization!",
    "de": "Einfaches Level-System mit vielen Anpassungsmöglichkeiten!"
  }
}
