{
  "name": "color-me",
  "humanReadableName": {
    "en": "Color me"
  },
  "author": {
    "name": "hfgd",
    "link": "https://github.com/hfgd123",
    "scnxOrgID": "2"
  },
  "openSourceURL": "https://github.com/hfgd123/CustomDCBot/tree/main/modules/color-me",
  "commands-dir": "/commands",
  "events-dir": "/events",
  "fa-icon": "fas fa-palette",
  "models-dir": "/models",
  "config-example-files": [
    "configs/config.json",
    "configs/strings.json"
  ],
  "tags": [
    "community"
  ],
  "description": {
    "en": "Simple module to reward users who have boosted your server with a custom role!",
    "de": "Einfaches Modul, um Nutzer mit einer eigenen Rolle zu belohnen, die deinen Server boosten!"
  }
}
