{
  "description": {
    "en": "Change the Embed-Fields of the serverinfo-embed here",
    "de": "Stelle hier die Felder des Serverinfo-Embeds ein"
  },
  "humanName": {
    "en": "Embed-Fields",
    "de": "Embed-Felder"
  },
  "filename": "fields.json",
  "configElements": true,
  "content": [
    {
      "name": "name",
      "humanName": {
        "en": "Feld-Name",
        "de": "Feldname"
      },
      "default": {
        "en": ""
      },
      "description": {
        "en": "Name of the field",
        "de": "Name des Feldes"
      },
      "type": "string"
    },
    {
      "name": "content",
      "humanName": {
        "en": "Field-Content",
        "de": "Feldinhalt"
      },
      "default": {
        "en": ""
      },
      "description": {
        "en": "Content of this field",
        "de": "Inhalt dieses Feldes"
      },
      "type": "string",
      "params": [
        {
          "name": "memberCount",
          "description": {
            "en": "Member-Count of this guild",
            "de": "Anzahl von Mitgliedern auf deinem Server"
          }
        },
        {
          "name": "botCount",
          "description": {
            "en": "Bot-Count of this guild",
            "de": "Anzahl von Bots auf deinem Server"
          }
        },
        {
          "name": "userCount",
          "description": {
            "en": "User-Count of this guild",
            "de": "Anzahl von Nutzern auf deinem Server"
          }
        },
        {
          "name": "onlineMemberCount",
          "description": {
            "en": "Count of online members on this guild",
            "de": "Anzahl von online Mitgliern auf deinem Server"
          }
        },
        {
          "name": "daysSinceCreation",
          "description": {
            "en": "Count of days passed since the creation of this guild",
            "de": "Anzahl von vergangenen Tagen seit Erstellung deines Servers"
          }
        },
        {
          "name": "guildCreationTimestamp",
          "description": {
            "en": "Show when the guild was created",
            "de": "Datum und Uhrzeit, wenn der Server erstellt wurde"
          }
        },
        {
          "name": "guildBoosts",
          "description": {
            "en": "Show how often this guild was boosted",
            "de": "Zeigt die Anzahl von Boots auf dem Server an"
          }
        },
        {
          "name": "boostLevel",
          "description": {
            "en": "Shows the current boost-level of this guild",
            "de": "Zeigt das aktuelle Boost-Level des Servers an"
          }
        },
        {
          "name": "boosterCount",
          "description": {
            "en": "Count of boosters on this guild",
            "de": "Anzahl von Boostern auf deinem Server"
          }
        },
        {
          "name": "guildRegion",
          "description": {
            "en": "Region of this guild",
            "de": "Discord-Region deines Servers"
          }
        },
        {
          "name": "channelCount",
          "description": {
            "en": "Count of channels on this guild",
            "de": "Anzahl von Channeln auf deinem Server"
          }
        },
        {
          "name": "roleCount",
          "description": {
            "en": "Count of roles on this guild",
            "de": "Anzahl von Rollen auf deinem Server"
          }
        },
        {
          "name": "emojiCount",
          "description": {
            "en": "Count of emojis on this guild",
            "de": "Anzahl von Emojis auf deinem Server"
          }
        },
        {
          "name": "newline",
          "description": {
            "en": "Inserts a new line",
            "de": "Fügt eine neue Zeile ein (wie der Name schon sagt)"
          }
        }
      ]
    },
    {
      "name": "inline",
      "humanName": {
        "en": "Inline Field?",
        "de": "In-Zeilen-Feld?"
      },
      "default": {
        "en": false
      },
      "description": {
        "en": "If enabled the field will be inlined",
        "de": "Wenn aktiviert wird das Feld bei Discord in einer Zeile mit anderen Feldern angezeigt"
      },
      "type": "boolean"
    }
  ]
}