{
  "name": "info-commands",
  "fa-icon": "fa-solid fa-circle-info",
  "author": {
    "scnxOrgID": "1",
    "name": "SCDerox (SC Network Team)",
    "link": "https://github.com/SCDerox"
  },
  "commands-dir": "/commands",
  "config-example-files": [
    "strings.json"
  ],
  "tags": [
    "moderation"
  ],
  "openSourceURL": "https://github.com/SCNetwork/CustomDCBot/tree/main/modules/info-commands",
  "humanReadableName": {
    "en": "Info-Commands",
    "de": "Info-Befehle"
  },
  "description": {
    "en": "Adds info-commands with information about specific parts of your server",
    "de": "Fügt viele Info-Commands zu deinen Server hinzu"
  }
}
