{
  "description": {
    "en": "Configure here, where for what streamer which message should get send",
    "de": "Stelle hier ein, bei welchem Streamer in welchen Channel eine Nachricht gesendet werden soll"
  },
  "humanName": {
    "en": "Streamers",
    "de": "Streamers"
  },
  "filename": "streamers.json",
  "configElements": true,
  "content": [
    {
      "name": "liveMessage",
      "humanName": {
        "en": "Live-Messages",
        "de": "Live-Nachricht"
      },
      "default": {
        "en": "Hey, %streamer% is live on Twitch streaming %game%! Check it out: %url%",
        "de": "Hi, %streamer% ist Live auf Twitch und streamt %game%! Jetzt anschauen: %url%"
      },
      "description": {
        "en": "Message that gets send if the streamer goes live",
        "de": "Nachricht, die gesendet wird, wenn ein Streamer anfängt zu streamen"
      },
      "type": "string",
      "allowEmbed": true,
      "params": [
        {
          "name": "streamer",
          "description": {
            "en": "Name of the Streamer",
            "de": "Name des Streamers"
          }
        },
        {
          "name": "game",
          "description": {
            "en": "Game which is streamed",
            "de": "Spiel, welches gestreamt wird"
          }
        },
        {
          "name": "url",
          "description": {
            "en": "Link to the stream",
            "de": "Link zum Twitch-Stream"
          }
        },
        {
          "name": "title",
          "description": {
            "en": "Title of the Stream",
            "de": "Titel des Streams"
          }
        },
        {
          "name": "thumbnailUrl",
          "description": {
            "en": "The Link to the thumbnail of the Stream",
            "de": "Link zum Thumbnail des Streams"
          },
          "isImage": true
        }
      ]
    },
    {
      "name": "liveMessageChannel",
      "humanName": {
        "en": "Channel"
      },
      "default": {
        "en": ""
      },
      "description": {
        "en": "Channel in which live-message should get sent",
        "de": "Kanal, in welchen Benachrichtigung gesendet werden soll"
      },
      "type": "channelID"
    },
    {
      "name": "streamer",
      "humanName": {
        "en": "Streamer",
        "de": "Streamer"
      },
      "default": {
        "en": ""
      },
      "description": {
        "en": "Streamer where a notification should send when they start streaming",
        "de": "Steamer, bei denen eine Benachrichtigung gesendet werden soll, wenn sie anfangen, zu streamen"
      },
      "type": "string"
    },
    {
      "name": "liveRole",
      "humanName": {
        "en": "Use Live-Role",
        "de": "Live-Rolle Aktivieren"
      },
      "default": {
        "en": false
      },
      "description": {
        "en": "Should the Live-Role be activated?",
        "de": "Soll die Live-Rolle aktiviert sein?"
      },
      "type": "boolean"
    },
    {
      "name": "id",
      "humanName": {
        "en": "Discord-User ID",
        "de": "Discord-Benutzer ID"
      },
      "default": {
        "en": ""
      },
      "description": {
        "en": "ID of the Discord-Account of the Streamer",
        "de": "ID des Discord-Accounts des Streamers"
      },
      "type": "userID",
      "dependsOn": "liveRole"
    },
    {
      "name": "role",
      "humanName": {
        "en": "Live Role",
        "de": "Live Rolle"
      },
      "default": {
        "en": ""
      },
      "description": {
        "en": "ID of the Role that the Streamer should get, when live",
        "de": "ID der Rolle, die der streamer bekommen soll, wenn er live ist"
      },
      "type": "roleID",
      "allowNull": true,
      "dependsOn": "liveRole"
    }
  ]
}