{
  "name": "twitch-notifications",
  "fa-icon": "fa-brands fa-twitch",
  "author": {
    "name": "jateute",
    "link": "https://github.com/jateute",
    "scnxOrgID": "4"
  },
  "events-dir": "/events",
  "models-dir": "/models",
  "openSourceURL": "https://github.com/jateute/CustomDCBot/tree/main/modules/twitch-notifications",
  "config-example-files": [
    "configs/config.json",
    "configs/streamers.json"
  ],
  "tags": [
    "community"
  ],
  "humanReadableName": {
    "en": "Twitch-Notifications",
    "de": "Twitch-Benachrichtigungen"
  },
  "description": {
    "en": "Module that sends a message to a channel, when a streamer goes live on Twitch",
    "de": "Sendet eine Nachricht in einen ausgewählten Channel, wenn ein Streamer Live auf Twitch streamt"
  }
}
