{
  "name": "betterstatus",
  "author": {
    "name": "SCDerox (SC Network Team)",
    "link": "https://github.com/SCDerox",
    "scnxOrgID": "1"
  },
  "fa-icon": "far fa-user-circle",
  "openSourceURL": "https://github.com/SCNetwork/CustomDCBot/tree/main/modules/betterstatus",
  "events-dir": "/events",
  "config-example-files": [
    "config.json"
  ],
  "tags": [
    "bot"
  ],
  "humanReadableName": {
    "en": "Betterstatus"
  },
  "description": {
    "en": "Give you more features to make your status even better - change it when someone joins, change it every x seconds and more!",
    "de": "Mache den Status deines Bots noch besser - Nutze Variablen, Intervalle und vieles mehr!"
  }
}
