{
  "name": "auto-react",
  "fa-icon": "far fa-smile",
  "author": {
    "scnxOrgID": "1",
    "name": "SCDerox (SC Network Team)",
    "link": "https://github.com/SCDerox"
  },
  "openSourceURL": "https://github.com/SCNetwork/CustomDCBot/tree/main/modules/auto-react",
  "events-dir": "/events",
  "config-example-files": [
    "configs/config.json",
    "configs/replies.json"
  ],
  "tags": [
    "fun"
  ],
  "humanReadableName": {
    "en": "Automatic reactions",
    "de": "Automatisches Reagieren"
  },
  "description": {
    "en": "Automatically reacts with selected emojis in selected channels or if a user gets pinged",
    "de": "Reagiert automatisch mit ausgewählten Emojs in einem ausgewählten Channel und bei Pings"
  }
}
