{
  "description": {
    "en": "Edit the messages and strings of the module here",
    "de": "Stelle hier die Nachrichten des Modules ein"
  },
  "humanName": {
    "en": "Nachrichten",
    "de": "Nachrichten"
  },
  "filename": "strings.json",
  "content": [
    {
      "name": "giveaway_message",
      "humanName": {
        "en": "Giveaway-Message",
        "de": "Gewinnspiel-Nachricht"
      },
      "default": {
        "en": "**NEW GIVEAWAY :tada:**\n\nPrize: %prize%\nEnds at: %endAtDiscordFormation%\nWinners: %winners%\nOrganiser: %organiser%\nCurrently valid entries: %entryCount% (%enteredCount% users)\nSponsor-Website: %sponsorLink%\n\nPress the big button below to participate!",
        "de": "**NEUES GEWINNSPIEL :tada:**\n\nPreis: %prize%\nLäuft bis: %endAtDiscordFormation%\\nAnzahl Gewinner: %winners%\nVeranstalter: %organiser%\nSponsor-Website: %sponsorLink%\nGültige Teilnahmen: %entryCount% (von %enteredCount% Teilnehmern)\n\nKlicke den großen Knopf unten, um teilzunehmen!"
      },
      "description": {
        "en": "Message that gets send in the giveaway channel if a new giveaway gets created",
        "de": "Diese Nachricht wird verschickt, wenn ein Gewinnspiel gestartet wird."
      },
      "type": "string",
      "allowEmbed": true,
      "params": [
        {
          "name": "prize",
          "description": {
            "en": "Prize of the giveaway",
            "de": "Preis des Gewinnspiels"
          }
        },
        {
          "name": "endAtDiscordFormation",
          "description": {
            "en": "When using this variable, Discord will automatically format the timestamp in the client of the user",
            "de": "Beim Nutzen dieser Variable wird Discord direkt beim Nutzer die Zeit rendern (Beispiel: \"In 4 Stunden\")"
          }
        },
        {
          "name": "endAt",
          "description": {
            "en": "Date of the end of the giveaway",
            "de": "Datum und Uhrzeit, wenn das Gewinnspiel endet"
          }
        },
        {
          "name": "winners",
          "description": {
            "en": "Count of possible winners",
            "de": "Anzahl möglicher Gewinner"
          }
        },
        {
          "name": "sponsorLink",
          "description": {
            "en": "Link of the sponsor, if specified.",
            "de": "Link des Sponsoren, wenn angegeben."
          }
        },
        {
          "name": "organiser",
          "description": {
            "en": "Mention of the organiser of the giveaway",
            "de": "Erwähnung des Veranstalters des Gewinnspieles"
          }
        },
        {
          "name": "enteredCount",
          "description": {
            "en": "Count of users who entered this giveaway already",
            "de": "Anzahl an Teilnehmern am Gewinnspiel"
          }
        },
        {
          "name": "entryCount",
          "description": {
            "en": "Count of valid entries",
            "de": "Anzahl von gültigen Teilnahmen"
          }
        }
      ]
    },
    {
      "name": "giveaway_message_with_requirements",
      "humanName": {
        "en": "Giveaway-Message with requirements",
        "de": "Gewinnspiel-Nachricht mit Voraussetzungen"
      },
      "default": {
        "en": {
          "title": "New Giveaway 🎉",
          "description": "Prize: %prize%\nEnds at: %endAtDiscordFormation%\nWinners: %winners%\nOrganiser: %organiser%\nSponsor-Website: %sponsorLink%\n\n__Requirements__\n%requirements%\n\nCurrently valid entries: %entryCount% (%enteredCount% users)\nPress the big button under this message to join the giveaway!",
          "color": "GREEN"
        },
        "de": {
          "title": "Neues Gewinnspiel 🎉",
          "description": "Preis: %prize%\nLäuft bis: %endAtDiscordFormation%\nAnzahl Gewinner: %winners%\nVeranstalter: %organiser%\nSponsor-Website: %sponsorLink%\n__Voraussetzungen__\n%requirements%\nGültige Teilnahmen: %entryCount% (von %enteredCount% Teilnehmern)\n\nDrücke auf den großen Knopf unten, um teilzunehmen.",
          "color": "GREEN"
        }
      },
      "description": {
        "en": "Message that gets send in the giveaway channel if a new giveaway gets created",
        "de": "Diese Nachricht wird in den Gewinnspiel-Channel versendet, wenn ein Gewinnspiel mit Voraussetzungen gestartet wird"
      },
      "type": "string",
      "allowEmbed": true,
      "params": [
        {
          "name": "prize",
          "description": {
            "en": "Prize of the giveaway",
            "de": "Preis des Gewinnspiels"
          }
        },
        {
          "name": "endAtDiscordFormation",
          "description": {
            "en": "When using this variable, Discord will automatically format the timestamp in the client of the user",
            "de": "Beim Nutzen dieser Variable wird Discord direkt beim Nutzer die Zeit rendern (Beispiel: \"In 4 Stunden\")"
          }
        },
        {
          "name": "endAt",
          "description": {
            "en": "Date of the end of the giveaway",
            "de": "Datum und Uhrzeit, wenn das Gewinnspiel endet"
          }
        },
        {
          "name": "winners",
          "description": {
            "en": "Count of possible winners",
            "de": "Anzahl möglicher Gewinner"
          }
        },
        {
          "name": "sponsorLink",
          "description": {
            "en": "Link of the sponsor, if specified.",
            "de": "Link des Sponsoren, wenn angegeben."
          }
        },
        {
          "name": "organiser",
          "description": {
            "en": "Mention of the organiser of the giveaway",
            "de": "Erwähnung des Veranstalters des Gewinnspieles"
          }
        },
        {
          "name": "enteredCount",
          "description": {
            "en": "Count of users who entered this giveaway already",
            "de": "Anzahl an Teilnehmern am Gewinnspiel"
          }
        },
        {
          "name": "entryCount",
          "description": {
            "en": "Count of valid entries",
            "de": "Anzahl von gültigen Teilnahmen"
          }
        },
        {
          "name": "requirements",
          "description": {
            "en": "Requirements for this giveaway",
            "de": "Voraussetzungen für dieses Gewinnspiel"
          }
        }
      ]
    },
    {
      "name": "requirementsNotPassed",
      "humanName": {
        "en": "Requirement-Not-Passed-Message",
        "de": "Gewinnspiel-Voraussetzungen-Nicht-Erfüllt-Nachricht"
      },
      "default": {
        "en": "I am sorry but you did not pass the requirement-check for this giveaway.\nYou need to fulfill these requirements:\n%requirements%",
        "de": "Huch, scheint als würdest du die Voraussetzungen für dieses Gewinnspiel nicht erfüllen.\nDu musst folgende Voraussetzungen noch erfüllen:\n%requirements%"
      },
      "description": {},
      "type": "string",
      "allowEmbed": "true",
      "params": [
        {
          "name": "requirements",
          "description": {
            "en": "Requirements of this giveaway",
            "de": "Voraussetzungen des Gewinnspieles, die der Nutzer noch erfüllen muss"
          }
        }
      ]
    },
    {
      "name": "giveaway_message_edit_after_winning",
      "humanName": {
        "en": "Giveaway-Message after message ended",
        "de": "Gewinnspiel-Nachricht nach Beendung des Gewinnspiels"
      },
      "default": {
        "en": {
          "title": "Giveaway ended",
          "description": "Price: %price%\nEnded at: %endAtDiscordFormation%\nWinners: %winners%\nCurrently valid entries: %entryCount% (%enteredCount% users)\nOrganiser: %organiser%\nSponsor-Website: %sponsorLink%",
          "color": "RED"
        },
        "de": {
          "title": "Gewinnspiel beended",
          "description": "Price: Preis: %prize%\nEnddatum: %endAtDiscordFormation%\nGewinner: %winners%\nVeranstalter: %organiser%\nGültige Teilnahmen: %entryCount% (von %enteredCount% Nutzern)\nSponsor-Website: %sponsorLink",
          "color": "RED"
        }
      },
      "description": {
        "en": "Message that gets send after a giveaway ended",
        "de": "Wenn ein Gewinnspiel endet wird die Gewinnspiel-Nachricht zu dieser Nachricht editiert."
      },
      "type": "string",
      "allowEmbed": true,
      "params": [
        {
          "name": "prize",
          "description": {
            "en": "Prize of the giveaway",
            "de": "Preis des Gewinnspieles"
          }
        },
        {
          "name": "sponsorLink",
          "description": {
            "en": "Link of the sponsor, if specified.",
            "de": "Link des Sponsoren, wenn angegeben."
          }
        },
        {
          "name": "endAtDiscordFormation",
          "description": {
            "en": "When using this variable, Discord will automatically format the timestamp in the client of the user",
            "de": "Beim Nutzen dieser Variable wird Discord direkt beim Nutzer die Zeit rendern (Beispiel: \"In 4 Stunden\")"
          }
        },
        {
          "name": "endAt",
          "description": {
            "en": "Date of the end of the giveaway",
            "de": "End-Datum des Gewinnspieles"
          }
        },
        {
          "name": "winners",
          "description": {
            "en": "Winners of this giveaway",
            "de": "Gewinner des Gewinnspieles"
          }
        },
        {
          "name": "organiser",
          "description": {
            "en": "Mention of the organiser of the giveaway",
            "de": "Erwähnung des Veranstalters"
          }
        },
        {
          "name": "enteredCount",
          "description": {
            "en": "Count of users who entered this giveaway already",
            "de": "Anzahl von Teilnahmen"
          }
        },
        {
          "name": "entryCount",
          "description": {
            "en": "Count of valid entries",
            "de": "Anzahl von Teilnehmern"
          }
        }
      ]
    },
    {
      "name": "winner_message",
      "humanName": {
        "en": "Win-Message",
        "de": "Gewinn-Nachricht"
      },
      "default": {
        "en": "%winners% won this giveaway. Shoot a DM at %organiser% to claim your prize!",
        "de": "%winners% haben **%prize%** in folgendem Gewinnspiel gewonnen: %url%. Schreib %organiser% eine PN, um den Preis zu erhalten!"
      },
      "description": {
        "en": "Message that gets send when the giveaway ends.",
        "de": "Diese Nachricht wird verschickt, wenn das Gewinnspiel endet"
      },
      "type": "string",
      "allowEmbed": true,
      "params": [
        {
          "name": "winners",
          "description": {
            "en": "Winners of the giveaway",
            "de": "Gewinner des Gewinnspieles"
          }
        },
        {
          "name": "sponsorLink",
          "description": {
            "en": "Link of the sponsor, if specified.",
            "de": "Link des Sponsoren, wenn angegeben."
          }
        },
        {
          "name": "organiser",
          "description": {
            "en": "Mention of the organiser of the giveaway",
            "de": "Erwähnung des Veranstalters des Gewinnspieles"
          }
        },
        {
          "name": "prize",
          "description": {
            "en": "Prize of the giveaway",
            "de": "Preis des Gewinnspieles"
          }
        }
      ]
    },
    {
      "name": "no_winner_message",
      "humanName": {
        "en": "No-Winner-Message",
        "de": "Kein-Gewinner-Nachricht"
      },
      "default": {
        "en": "No winner could be determined for this giveaway ):",
        "de": "Dieses Gewinnspiel hatte keinen Gewinner ): ):"
      },
      "description": {
        "en": "Message that gets send when the giveaway ends and no winner could be determined.",
        "de": "Diese Nachricht wird gesendet, wenn ein Gewinnspiel endet, aber kein Gewinner gefunden wurde"
      },
      "type": "string",
      "allowEmbed": true,
      "params": [
        {
          "name": "sponsorLink",
          "description": {
            "en": "Link of the sponsor, if specified.",
            "de": "Link zum Sponsor, falls angeben"
          }
        },
        {
          "name": "organiser",
          "description": {
            "en": "Mention of the organiser of the giveaway",
            "de": "Erwähnung des Veranstalters"
          }
        },
        {
          "name": "prize",
          "description": {
            "en": "Prize of the giveaway",
            "de": "Preis des Gewinnspiels"
          }
        }
      ]
    },
    {
      "name": "confirmationMessage",
      "humanName": {
        "en": "Confirmation-Message",
        "de": "Teilnahme-Bestätigung-Nachricht"
      },
      "default": {
        "en": "Giveaway entered successfully with **%entries% entry(s)**.",
        "de": "Gewinnspiel mit **%entries% Teilnahmen(s)** beigetreten."
      },
      "description": {
        "en": "Message that gets shown to the user after they enter the giveaway successfully.",
        "de": "Nachricht die angezeigt wird, wenn ein Nutzer teilnimmt"
      },
      "type": "string",
      "allowEmbed": true,
      "params": [
        {
          "name": "price",
          "description": {
            "en": "Price of the giveaway",
            "de": "Preis des Gewinnspiels"
          }
        },
        {
          "name": "entries",
          "description": {
            "en": "Count of entries the user has to this giveaway",
            "de": "Anzahl an Teilnahmen am Gewinnspiel"
          }
        }
      ]
    },
    {
      "name": "alreadyEnteredMessage",
      "humanName": {
        "en": "Already-Entered-Message",
        "de": "Bereits teilgenommen-Nachricht"
      },
      "default": {
        "en": "You are already in this giveaway with **%entries% entry(s)**.",
        "de": "Du nimmst bereits mit **%entries% Teilnahmen** teil."
      },
      "description": {
        "en": "Message that gets shown to the user when someone tries to enter when they already are in",
        "de": "Nachricht, die angezeigt wird, wenn ein Nutzer teilnehmen will, obwohl er bereits teilgenommen hat"
      },
      "type": "string",
      "allowEmbed": true,
      "params": [
        {
          "name": "price",
          "description": {
            "en": "Price of the giveaway",
            "de": "Preis des Gewinnspiels"
          }
        },
        {
          "name": "entries",
          "description": {
            "en": "Count of entries the user has to this giveaway",
            "de": "Anzahl an Teilnahmen am Gewinnspiel"
          }
        }
      ]
    },
    {
      "name": "buttonContent",
      "humanName": {
        "en": "Button-Content",
        "de": "Knopf-Inhalt"
      },
      "default": {
        "en": "Join giveaway 🎉",
        "de": "Gewinnspiel beitreten 🎉"
      },
      "description": {
        "en": "Content of the button under giveaways",
        "de": "Inhalt des Teilnehmen-Knopfes"
      },
      "type": "string"
    },
    {
      "name": "winner_DM_message",
      "humanName": {
        "en": "Winner-DM-Message",
        "de": "Gewinner-PN-Nachricht"
      },
      "default": {
        "en": "Congrats, you won this giveaway: %url%",
        "de": "Herzlichen Glückwunsch, du hast folgendes Gewinnspiel gewonnen: %url%"
      },
      "description": {
        "en": "Nachricht, die an den Nutzer gesendet wird, wenn er gewinnt (wenn aktiviert).",
        "de": "Message that gets send when to the winner when they win (if enabled)."
      },
      "type": "string",
      "allowEmbed": true,
      "params": [
        {
          "name": "sponsorLink",
          "description": {
            "en": "Link of the sponsor, if specified.",
            "de": "Link des Sponsoren, wenn angegeben."
          }
        },
        {
          "name": "organiser",
          "description": {
            "en": "Mention of the organiser of the giveaway",
            "de": "Erwähnung des Veranstalters des Gewinnspieles"
          }
        },
        {
          "name": "prize",
          "description": {
            "en": "Prize of the giveaway",
            "de": "Preis des Gewinnspiels"
          }
        },
        {
          "name": "url",
          "description": {
            "en": "Url to the giveaway",
            "de": "Url zum Gewinnspiel"
          }
        }
      ]
    }
  ]
}
