{
  "description": {
    "en": "Set up channels to delete text-messages from",
    "de": "Stelle hier Text-Kanäle ein, aus welchen gelöscht werden soll"
  },
  "humanName": {
    "en": "Text-Channels",
    "de": "Text-Kanäle"
  },
  "filename": "channels.json",
  "configElements": true,
  "content": [
    {
      "name": "channelID",
      "humanName": {
        "en": "Channel",
        "de": "Kanal"
      },
      "default": {
        "en": ""
      },
      "description": {
        "en": "The Channel you want messages to be deleted from.",
        "de": "Wähle den Kanal aus, aus welchen Nachrichten automatisch gelöscht werden sollen."
      },
      "type": "channelID",
      "content": [
        "GUILD_TEXT",
        "GUILD_NEWS"
      ]
    },
    {
      "name": "timeout",
      "humanName": {
        "en": "Timeout",
        "de": "Timeout"
      },
      "default": {
        "en": "5"
      },
      "description": {
        "en": "Timeout (in minutes) after which the messages in a channel will be deleted.",
        "de": "Timeout (in Minuten), nachdem die Nachrichten in einem Kanal automatisch gelöscht werden sollen."
      },
      "type": "integer"
    },
    {
      "name": "purgeOnStart",
      "humanName": {
        "en": "Purge On Start",
        "de": "Kanal leeren beim Bot Start"
      },
      "default": {
        "en": false
      },
      "description": {
        "en": "If enabled every (excluding pinned) message (max 100) in this channel gets deleted when the bot starts.",
        "de": "Wenn aktiviert, werden alle (außer angepinnte) Nachrichten (max 100) aus dem gewälten Kanal, beim Start des Bots, gelöscht."
      },
      "type": "boolean"
    },
    {
      "name": "keepMessageCount",
      "default": {
        "en": 0
      },
      "humanName": {
        "en": "Amount of messages to keep",
        "de": "Anzahl von zu behaltenden Nachrichten"
      },
      "type": "integer",
      "description": {
        "en": "Set up a number here to always have x messages in your channel left (newest messages are kept). The number has to below 50.",
        "de": "Stelle hier eine Anzahl an Nachrichten ein, die auch nach einer Löschung in dem Kanal behalten werden sollen (neuere Nachrichten werden behalten). Die Zahl muss unter 50 liegen."
      }
    }
  ]
}