{
  "name": "auto-delete",
  "author": {
    "scnxOrgID": "1",
    "name": "SCDerox (SC Network Team)",
    "link": "https://github.com/SCDerox"
  },
  "fa-icon": "fa-regular fa-trash-can",
  "openSourceURL": "https://github.com/SCNetwork/CustomDCBot/tree/main/modules/auto-delete",
  "events-dir": "/events",
  "config-example-files": [
    "channels.json",
    "voice-channels.json"
  ],
  "tags": [
    "administration"
  ],
  "humanReadableName": {
    "en": "Auto-Message-Delete",
    "de": "Automatisches Löschen"
  },
  "description": {
    "en": "This module allows you to delete messages from a channel after a specified timeout to keep your channel clean",
    "de": "Halte deine Channel sauber, in dem du alle Nachrichten nach einem bestimmten Intervall in einem Channel löschst"
  }
}
