{
  "description": {
    "en": "Set up voice-channels to delete messages from",
    "de": "Stelle hier Sprach-Kanäle ein, aus welchen gelöscht werden soll"
  },
  "humanName": {
    "en": "Voice-Channels",
    "de": "Sprach-Kanäle"
  },
  "filename": "voice-channels.json",
  "configElements": true,
  "content": [
    {
      "name": "channelID",
      "humanName": {
        "en": "Voice-Channel",
        "de": "Sprachkanal"
      },
      "default": {
        "en": ""
      },
      "description": {
        "en": "The Voice-Channel you want the auto-deleter to clear if there are no channel members left.",
        "de": "Wähle den Sprachkanal aus, den der Bot leeren soll, sobald keine Mitglieder mehr im Sprachkanal sind."
      },
      "type": "channelID",
      "content": [
        "GUILD_VOICE"
      ]
    },
    {
      "name": "timeout",
      "humanName": {
        "en": "Timeout",
        "de": "Timeout"
      },
      "default": {
        "en": "5"
      },
      "description": {
        "en": "Timeout (in minutes) after which the messages in a Voice-Channel are deleted after the last member left the channel. Entering '0' will result in an instant deletion.",
        "de": "Timeout (in Minuten), nachdem die Nachrichten gelöscht werden, wenn das letzte Mitglied den Sprachkanal verlassen hat. Wenn du eine '0' verwendest, werden die Nachrichten sofort gelöscht."
      },
      "type": "integer"
    },
    {
      "name": "purgeOnStart",
      "humanName": {
        "en": "Purge On Start",
        "de": "Kanal leeren beim Bot Start"
      },
      "default": {
        "en": false
      },
      "description": {
        "en": "If enabled every message (max 100) in this channel gets deleted when the bot starts and no members are left in the channel",
        "de": "Wenn aktiviert, werden alle Nachrichten (max 100) aus dem gewälten Sprachkanal gelöscht (beim Start des Bots), sofern keine Mitglieder in dem Sprachkanal sind."
      },
      "type": "boolean"
    }
  ]
}