{
  "name": "hunt-the-code",
  "author": {
    "scnxOrgID": "1",
    "name": "SCDerox (SC Network Team)",
    "link": "https://github.com/SCDerox"
  },
  "openSourceURL": "https://github.com/SCNetwork/CustomDCBot/tree/main/modules/hunt-the-code",
  "commands-dir": "/commands",
  "models-dir": "/models",
  "fa-icon": "fa-solid fa-tags",
  "config-example-files": [
    "strings.json"
  ],
  "tags": [
    "community"
  ],
  "humanReadableName": {
    "en": "Hunt the code",
    "de": "Sammel die Codes"
  },
  "description": {
    "en": "Hide codes and let your users collect them",
    "de": "Verstecke Codes und lasse sie von deinen Nutzern sammeln"
  }
}
