{
  "description": {
    "en": "Edit the messages and strings of the module here",
    "de": "Stelle hier die Nachrichten des Modules ein"
  },
  "humanName": {
    "en": "Messages",
    "de": "Nachrichten"
  },
  "filename": "strings.json",
  "content": [
    {
      "name": "codeNotFoundMessage",
      "humanName": {
        "en": "Code-not-found Message",
        "de": "Code-nicht-gefunden Nachricht"
      },
      "default": {
        "en": "⚠ Sorry, this code is invalid ):",
        "de": "⚠ Dieser Code ist leider ungültig"
      },
      "description": {
        "en": "This message gets send, when an invalid code is being redeemed",
        "de": "Diese Nachricht wird verschickt, wenn ein ungültiger Code eingelöst wird"
      },
      "type": "string",
      "allowEmbed": true
    },
    {
      "name": "codeAlreadyRedeemed",
      "humanName": {
        "en": "Code-already-Redeemed Message",
        "de": "Code-bereits-eingelöst Nachricht"
      },
      "default": {
        "en": "Good news, you have already redeemed this code",
        "de": "Gute Nachrichten, du hast diesen Code bereits eingelöst"
      },
      "description": {
        "en": "This message gets send, when a user tries to redeem a code that is already in their inventory",
        "de": "Diese Nachricht wird verschickt, wenn ein Nutzer einen Code einlösen will, den er bereits eingelöst hat"
      },
      "type": "string",
      "allowEmbed": true,
      "params": [
        {
          "name": "displayName",
          "description": {
            "en": "Display-Name of the code that the user wants to redeem",
            "de": "Anzeige-Name des Codes, denn der Nutzer einlösen möchte"
          }
        },
        {
          "name": "codeUseCount",
          "description": {
            "en": "Count of times this code has already been redeemed",
            "de": "Anzahl von Nutzer, die diesen Code bereits eingelöst haben"
          }
        },
        {
          "name": "userCodesCount",
          "description": {
            "en": "Count of codes this user already has redeemed",
            "de": "Anzahl der Codes, die dieser Nutzer bereits eingelöst hat"
          }
        }
      ]
    },
    {
      "name": "codeRedeemed",
      "humanName": {
        "en": "Code-Redeemed Message",
        "de": "Code-eingelöst Nachricht"
      },
      "default": {
        "en": "Good job, you have successfully redeemed the code **%displayName%**",
        "de": "Gute Arbeit, du hast erfolgreich den Code **%displayName%** eingelöst."
      },
      "description": {
        "en": "This message gets send, when a user tries redeems a code",
        "de": "Diese Nachricht wird verschickt, wenn ein Nutzer einen Code einlöst"
      },
      "type": "string",
      "allowEmbed": true,
      "params": [
        {
          "name": "displayName",
          "description": {
            "en": "Display-Name of the code",
            "de": "Anzeige-Name des Codes, denn der Nutzer einlöst"
          }
        },
        {
          "name": "codeUseCount",
          "description": {
            "en": "Count of times this code has already been redeemed",
            "de": "Anzahl von Nutzer, die diesen Code bereits eingelöst haben"
          }
        },
        {
          "name": "userCodesCount",
          "description": {
            "en": "Count of codes this user already has redeemed",
            "de": "Anzahl der Codes, die dieser Nutzer bereits eingelöst hat"
          }
        }
      ]
    },
    {
      "name": "profileMessage",
      "humanName": {
        "en": "Profile-Message",
        "de": "Profil-Nachricht"
      },
      "default": {
        "en": {
          "title": "Your profile, %username%!",
          "fields": [
            {
              "name": "Found codes",
              "value": "%foundCodes%",
              "inline": true
            },
            {
              "name": "Progress",
              "value": "%foundCount%/%allCodesCount% found",
              "inline": true
            }
          ]
        },
        "de": {
          "title": "Dein Profil %username%!",
          "fields": [
            {
              "name": "Gefunde Codes",
              "value": "%foundCodes%",
              "inline": true
            },
            {
              "name": "Fortschritt",
              "value": "%foundCount%/%allCodesCount% gefunden",
              "inline": true
            }
          ]
        }
      },
      "description": {
        "en": "This message gets send, when a user opens their profile",
        "de": "Diese Nachricht wird versendet, wenn ein Nutzer sein Profil öffnet"
      },
      "type": "string",
      "allowEmbed": true,
      "params": [
        {
          "name": "foundCodes",
          "description": {
            "en": "All codes that this user has found",
            "de": "Alle Codes, die der Nutzer gefunden hat"
          }
        },
        {
          "name": "username",
          "description": {
            "en": "Username of the user running the command",
            "de": "Nutzername des Nutzers, der den Befehl ausführt"
          }
        },
        {
          "name": "foundCount",
          "description": {
            "en": "Count of found codes",
            "de": "Anzahl aller gefunden Codes"
          }
        },
        {
          "name": "allCodesCount",
          "description": {
            "en": "Count of all available codes",
            "de": "Anzahl aller verfügbaren Codes"
          }
        }
      ]
    },
    {
      "name": "leaderboardMessage",
      "humanName": {
        "en": "Leaderboard-Message",
        "de": "Leaderboard-Nachricht"
      },
      "default": {
        "en": {
          "title": "Leaderboard",
          "color": "GREEN",
          "thumbnail": "",
          "image": ""
        }
      },
      "description": {},
      "type": "keyed",
      "content": {
        "key": "string",
        "value": "string"
      },
      "disableKeyEdits": true
    }
  ]
}
