{
  "description": {
    "en": "Reward your users, when they reach certain goals",
    "de": "Belohne deine Nutzer, wenn diese bestimmte Ziele erreichen"
  },
  "humanName": {
    "en": "Milestones",
    "de": "Ziele"
  },
  "filename": "milestones.json",
  "configElements": true,
  "content": [
    {
      "name": "userMessageCount",
      "humanName": {
        "de": "Nachrichtenzahl"
      },
      "default": {
        "en": ""
      },
      "description": {
        "en": "Count of valid counter-messages the users has to archive this goal",
        "de": "Anzahl der gültigen Zähl-Nachrichten, die der Nutzer schreiben muss, um dieses Ziel zu erreichen"
      },
      "type": "integer"
    },
    {
      "name": "giveRoles",
      "humanName": {
        "de": "Rollen"
      },
      "default": {
        "en": [],
        "de": []
      },
      "description": {
        "en": "These roles are given to the user if they archive this goal (optional)",
        "de": "Diese Rollen werden an den Nutzer vergeben, wenn er dieses Ziel erreicht (optional)"
      },
      "type": "array",
      "content": "roleID"
    },
    {
      "name": "sendMessage",
      "humanName": {
        "de": "Nachricht"
      },
      "default": {
        "en": ""
      },
      "description": {
        "en": "This message gets send when they archive this goal",
        "de": "Diese Nachricht wird gesendet, wenn er dieses Ziel erreicht"
      },
      "type": "string",
      "allowNull": true,
      "allowEmbed": true
    }
  ]
}