{
  "name": "partner-list",
  "fa-icon": "fas fa-list-ul",
  "author": {
    "scnxOrgID": "1",
    "name": "SCDerox (SC Network Team)",
    "link": "https://github.com/SCDerox"
  },
  "openSourceURL": "https://github.com/SCNetwork/CustomDCBot/tree/main/modules/partnerlist",
  "events-dir": "/events",
  "commands-dir": "/commands",
  "models-dir": "/models",
  "config-example-files": [
    "config.json"
  ],
  "tags": [
    "administration"
  ],
  "humanReadableName": {
    "en": "Partner-List",
    "de": "Partner-Liste"
  },
  "description": {
    "en": "Manage your partnerships with other guilds easily.",
    "de": "Erstelle eine Liste mit allen Partnern deines Servers - nach Kategorie sortiert."
  }
}
