{
  "name": "birthday",
  "fa-icon": "fas fa-birthday-cake",
  "openSourceURL": "https://github.com/SCNetwork/CustomDCBot/tree/main/modules/birthday",
  "author": {
    "scnxOrgID": "1",
    "name": "SCDerox (SC Network Team)",
    "link": "https://github.com/SCDerox"
  },
  "commands-dir": "/commands",
  "models-dir": "/models",
  "events-dir": "/events",
  "config-example-files": [
    "config.json"
  ],
  "tags": [
    "community"
  ],
  "humanReadableName": {
    "en": "Birthday-Calendar",
    "de": "Geburtstags-Kalender"
  },
  "description": {
    "en": "Let users set their birthday and congratulate them when they have birthday",
    "de": "Lasse deine Nutzer ihre Geburtstage eintragen und gratuliere automatisch, wenn sie Geburtstag haben!"
  }
}
