{
  "description": {
    "en": "If enabled, the bot will randomly select a message from here",
    "de": "Wenn aktiviert, wird der Bot zufällige eine Nachricht von hier auswählen"
  },
  "humanName": {
    "en": "Random-Level-Up-Messages",
    "de": "Zufällige Level-Up-Nachrichten"
  },
  "filename": "random-levelup-messages.json",
  "configElements": true,
  "content": [
    {
      "name": "type",
      "humanName": {
        "de": "Nachrichtentyp"
      },
      "default": {
        "en": "normal",
        "de": "normal"
      },
      "description": {
        "en": "Type of this message",
        "de": "Typ dieser Nachricht"
      },
      "type": "select",
      "content": [
        "normal",
        "with-reward"
      ]
    },
    {
      "name": "message",
      "humanName": {
        "de": "Nachrichten"
      },
      "default": {
        "en": ""
      },
      "description": {
        "en": "Messages which should be send",
        "de": "Nachrichten, die gesendet werden sollen"
      },
      "type": "string",
      "allowEmbed": true,
      "params": [
        {
          "name": "mention",
          "description": {
            "en": "Mention of the user",
            "de": "Erwähnung des Nutzers"
          }
        },
        {
          "name": "newLevel",
          "description": {
            "en": "New level of the user",
            "de": "Neues Level des Nutzers"
          }
        },
        {
          "name": "role",
          "description": {
            "en": "Mention of the role (No ping, only if type = with-reward)",
            "de": "Erwähnung der Rolle (Kein \"Ping\", nur, wenn Nachrichtentyp = with-reward)"
          }
        }
      ]
    }
  ]
}