{
  "description": {
    "en": "If enabled, the bot will randomly select a message from here",
    "de": "Wenn aktiviert, wird der Bot zufällige eine Nachricht von hier auswählen"
  },
  "humanName": {
    "en": "Selected messages",
    "de": "Bestimmte Nachrichten"
  },
  "filename": "special-levelup-messages.json",
  "configElements": true,
  "content": [
    {
      "name": "level",
      "humanName": {
        "de": "Level"
      },
      "default": {
        "en": ""
      },
      "description": {
        "en": "Level at which this messages should get send",
        "de": "Level, bei welchem diese Nachricht gesendet werden soll"
      },
      "type": "integer"
    },
    {
      "name": "message",
      "humanName": {
        "de": "Nachricht"
      },
      "default": {
        "en": ""
      },
      "description": {
        "en": "Messages which should be send",
        "de": "Nachricht, die gesendet werden soll"
      },
      "type": "string",
      "allowEmbed": true,
      "params": [
        {
          "name": "mention",
          "description": {
            "en": "Mention of the user",
            "de": "Erwähnung des Nutzers"
          }
        },
        {
          "name": "newLevel",
          "description": {
            "en": "New level of the user",
            "de": "Neues Level des Nutzers"
          }
        },
        {
          "name": "role",
          "description": {
            "en": "Mention of the role (No ping, only if level has reward)",
            "de": "Erwähnung der Rolle (Kein \"Ping\", nur, wenn das Level eine Belohnung hat)"
          }
        }
      ]
    }
  ]
}