{
  "name": "ping-on-vc-join",
  "author": {
    "scnxOrgID": "1",
    "name": "SCDerox (SC Network Team)",
    "link": "https://github.com/SCDerox"
  },
  "openSourceURL": "https://github.com/SCNetwork/CustomDCBot/tree/main/modules/ping-on-vc-join",
  "fa-icon": "fas fa-sign-in-alt",
  "events-dir": "/events",
  "config-example-files": [
    "config.json"
  ],
  "tags": [
    "support"
  ],
  "humanReadableName": {
    "en": "Ping-On-VC-Join"
  },
  "description": {
    "en": "Sends a message when someone joins a voicechat",
    "de": "Sendet eine PN an den Nutzer und/oder informiert das Team, wenn ein Nutzer einem bestimmten Voicechat beitritt"
  }
}
