{
  "description": {},
  "humanName": {
    "en": "Replies",
    "de": "Antworten"
  },
  "filename": "replies.json",
  "configElements": true,
  "content": [
    {
      "name": "members",
      "humanName": {
        "en": "User",
        "de": "Nutzer"
      },
      "default": {
        "en": ""
      },
      "description": {
        "en": "Here you can add a member to be replied on mentions of them",
        "de": "Du kannst hier einen Nutzer für Antworten auf Erwähnungen dessen eintragen"
      },
      "type": "string"
    },
    {
      "name": "reply",
      "humanName": {
        "en": "Reply",
        "de": "Antwort"
      },
      "default": {
        "en": ""
      },
      "description": {
        "en": "Here you can add the reply message",
        "de": "Du kannst hier die Antwort eintragen"
      },
      "type": "string",
      "allowEmbed": true
    }
  ]
}