{
  "description": {
    "en": "Edit the messages and strings of the module here",
    "de": "Stelle hier die Nachrichten des Modules ein"
  },
  "humanName": {
    "en": "Messages",
    "de": "Nachrichten"
  },
  "filename": "strings.json",
  "content": [
    {
      "name": "created",
      "humanName": {
        "en": "Role created",
        "de": "Rolle erstellt"
      },
      "default": {
        "en": "Your role was created successfully.",
        "de": "Deine Rolle wurde erfolgreich erstellt."
      },
      "description": {
        "en": "This messages gets send when a booster sucessfully created their custom role",
        "de": "Diese Nachricht wird verschickt, wenn ein Booster seine/ihre Custom-Rolle erstellt hat"
      },
      "type": "string",
      "allowEmbed": true
    },
    {
      "name": "updated",
      "humanName": {
        "en": "Role updated",
        "de": "Rolle aktualisiert"
      },
      "default": {
        "en": "Your role was updated successfully.",
        "de": "Deine Rolle wurde erfolgreich aktualisiert."
      },
      "description": {
        "en": "This messages gets send when a booster sucessfully updates their custom role",
        "de": "Diese Nachricht wird verschickt, wenn ein Booster seine/ihre Custom-Rolle aktualisiert hat"
      },
      "type": "string",
      "allowEmbed": true
    },
    {
      "name": "removed",
      "humanName": {
        "en": "Role removed",
        "de": "Rolle entfernt"
      },
      "default": {
        "en": "Your role was removed successfully.",
        "de": "Deine Rolle wurde erfolgreich entfernt."
      },
      "description": {
        "en": "This messages gets send when a booster deleted their custom role",
        "de": "Diese Nachricht wird verschickt, wenn ein Booster seine/ihre Custom-Rolle entfernt hat"
      },
      "type": "string",
      "allowEmbed": true
    },
    {
      "name": "roleLimit",
      "humanName": {
        "en": "Role-limit reached",
        "de": "Rollenlimit erreicht"
      },
      "default": {
        "en": "Your role couldn't be created. This could be, because this server has reached the maximum of roles set by Discord. Ask the staff to delete an unnecessary role to make space for your role or try again later.",
        "de": "Deine Rolle konnte nicht erstellt werden. Das kann daran liegen, dass dieser Server die von Discord vorgegebene maximale Rollenzahl erreicht hat. Frag das Team nach der Löschung einer überflüssigen Rolle um Platz zu machen, oder versuche es später erneut."
      },
      "description": {
        "en": "This messages gets send when a booster-role couldn't be created",
        "de": "Diese Nachricht wird verschickt, wenn eine Booster-Rolle nicht erstellt werden konnte"
      },
      "type": "string",
      "allowEmbed": true
    },
    {
      "name": "cooldown",
      "humanName": {
        "en": "Cooldown",
        "de": "Cooldown"
      },
      "default": {
        "en": "Your role couldn't be edited, since you have to wait until %cooldown% for the cooldown to expire.",
        "de": "Deine Rolle konnte nicht bearbeitet werden, da du bis %cooldown% warten musst, dass der Cooldown abläuft."
      },
      "description": {
        "en": "This messages gets send when a booster-role couldn't be edited, since the user is on cooldown",
        "de": "Diese Nachricht wird verschickt, wenn eine Booster-Rolle nicht bearbeitet werden konnte, da der Nutzer den Cooldown abwarten muss"
      },
      "type": "string",
      "allowEmbed": true,
      "params": [
        {
          "name": "cooldown",
          "description": {
            "en": "Timestamp the cooldown expires at",
            "de": "Zeitpunkt, an welchem der Cooldown abläuft"
          }
        }
      ]
    },
    {
      "name": "invalidColor",
      "humanName": {
        "en": "Invalid Color",
        "de": "Falsche Farbe"
      },
      "default": {
        "en": "The color you provided is not a valid HEX-Code.",
        "de": "Die angegebene Farbe ist kein gültiger HEX-Code."
      },
      "description": {
        "en": "This messages gets send when the user provides a wrong color code",
        "de": "Diese Nachricht wird verschickt, wenn der Nutzer einen falschen Farbcode angibt"
      },
      "type": "string",
      "allowEmbed": true
    }
  ]
}
